[ {
  "entityTypeId" : "94fe9df0-dfc6-4508-a2ff-c462e5b5ffbf",
  "id" : "64249c81-6ec8-433e-81a5-18d83ac450d9",
  "name" : "Address1",
  "sourceFieldname" : "Address1",
  "description" : "Address1",
  "dataType" : "string",
  "hasIndex" : false,
  "unique" : false,
  "primarykey" : false,
  "namefield" : false,
  "nullable" : true,
  "custom" : false,
  "createable" : true,
  "updateable" : true,
  "audit" : false,
  "customizable" : false,
  "fieldOrder" : 0,
  "fieldProperties" : {
    "autoGenerated" : "false"
  }
}, {
  "entityTypeId" : "94fe9df0-dfc6-4508-a2ff-c462e5b5ffbf",
  "id" : "08335ded-ab55-42fb-ad78-d9162902f4bf",
  "name" : "Address2",
  "sourceFieldname" : "Address2",
  "description" : "Address2",
  "dataType" : "string",
  "hasIndex" : false,
  "unique" : false,
  "primarykey" : false,
  "namefield" : false,
  "nullable" : true,
  "custom" : false,
  "createable" : true,
  "updateable" : true,
  "audit" : false,
  "customizable" : false,
  "fieldOrder" : 0,
  "fieldProperties" : {
    "autoGenerated" : "false"
  }
}, {
  "entityTypeId" : "94fe9df0-dfc6-4508-a2ff-c462e5b5ffbf",
  "id" : "03f5c964-457d-439e-97fe-4bd740fea5bf",
  "name" : "City",
  "sourceFieldname" : "City",
  "description" : "City",
  "dataType" : "string",
  "hasIndex" : false,
  "unique" : false,
  "primarykey" : false,
  "namefield" : false,
  "nullable" : true,
  "custom" : false,
  "createable" : true,
  "updateable" : true,
  "audit" : false,
  "customizable" : false,
  "fieldOrder" : 0,
  "fieldProperties" : {
    "autoGenerated" : "false"
  }
}, {
  "entityTypeId" : "94fe9df0-dfc6-4508-a2ff-c462e5b5ffbf",
  "id" : "a9e032d2-56ce-4f5c-943b-630c1a478115",
  "name" : "Contact_id",
  "sourceFieldname" : "Contact_id",
  "description" : "Contact_id",
  "dataType" : "string",
  "hasIndex" : false,
  "unique" : false,
  "primarykey" : false,
  "namefield" : false,
  "nullable" : true,
  "custom" : false,
  "createable" : true,
  "updateable" : true,
  "audit" : false,
  "customizable" : false,
  "fieldOrder" : 0,
  "fieldProperties" : {
    "autoGenerated" : "false"
  }
}, {
  "entityTypeId" : "94fe9df0-dfc6-4508-a2ff-c462e5b5ffbf",
  "id" : "57db8002-1e64-4ff1-9f30-16d940e15ea7",
  "name" : "Contact_type_id",
  "sourceFieldname" : "Contact_type_id",
  "description" : "Contact_type_id",
  "dataType" : "string",
  "hasIndex" : false,
  "unique" : false,
  "primarykey" : false,
  "namefield" : false,
  "nullable" : true,
  "custom" : false,
  "createable" : true,
  "updateable" : true,
  "audit" : false,
  "customizable" : false,
  "fieldOrder" : 0,
  "fieldProperties" : {
    "autoGenerated" : "false"
  }
}, {
  "entityTypeId" : "94fe9df0-dfc6-4508-a2ff-c462e5b5ffbf",
  "id" : "a8d2c21a-f105-465c-902c-9e8d41952453",
  "name" : "Country",
  "sourceFieldname" : "Country",
  "description" : "Country",
  "dataType" : "string",
  "hasIndex" : false,
  "unique" : false,
  "primarykey" : false,
  "namefield" : false,
  "nullable" : true,
  "custom" : false,
  "createable" : true,
  "updateable" : true,
  "audit" : false,
  "customizable" : false,
  "fieldOrder" : 0,
  "fieldProperties" : {
    "autoGenerated" : "false"
  }
}, {
  "entityTypeId" : "94fe9df0-dfc6-4508-a2ff-c462e5b5ffbf",
  "id" : "45dabf30-ec72-4959-b7d4-8af88a5b1513",
  "name" : "CreatedBy",
  "sourceFieldname" : "CreatedBy",
  "description" : "CreatedBy",
  "dataType" : "string",
  "hasIndex" : false,
  "unique" : false,
  "primarykey" : false,
  "namefield" : false,
  "nullable" : true,
  "custom" : false,
  "createable" : true,
  "updateable" : true,
  "audit" : false,
  "customizable" : false,
  "fieldOrder" : 0,
  "fieldProperties" : {
    "autoGenerated" : "false"
  }
}, {
  "entityTypeId" : "94fe9df0-dfc6-4508-a2ff-c462e5b5ffbf",
  "id" : "0dc43c1f-f291-4e13-91a5-288c3e7967a6",
  "name" : "CreatedDateTime",
  "sourceFieldname" : "CreatedDateTime",
  "description" : "CreatedDateTime",
  "dataType" : "date",
  "hasIndex" : false,
  "unique" : false,
  "primarykey" : false,
  "namefield" : false,
  "nullable" : true,
  "custom" : false,
  "createable" : true,
  "updateable" : true,
  "audit" : false,
  "customizable" : false,
  "fieldOrder" : 0,
  "fieldProperties" : {
    "autoGenerated" : "false"
  }
}, {
  "entityTypeId" : "94fe9df0-dfc6-4508-a2ff-c462e5b5ffbf",
  "id" : "f981e491-2676-40f6-a68e-45f7bb3412d0",
  "name" : "Department_id",
  "sourceFieldname" : "Department_id",
  "description" : "Department_id",
  "dataType" : "string",
  "hasIndex" : false,
  "unique" : false,
  "primarykey" : false,
  "namefield" : false,
  "nullable" : true,
  "custom" : false,
  "createable" : true,
  "updateable" : true,
  "audit" : false,
  "customizable" : false,
  "fieldOrder" : 0,
  "fieldProperties" : {
    "autoGenerated" : "false"
  }
}, {
  "entityTypeId" : "94fe9df0-dfc6-4508-a2ff-c462e5b5ffbf",
  "id" : "24dd5b29-4907-4b84-b506-69105412e007",
  "name" : "Designation_id",
  "sourceFieldname" : "Designation_id",
  "description" : "Designation_id",
  "dataType" : "string",
  "hasIndex" : false,
  "unique" : false,
  "primarykey" : false,
  "namefield" : false,
  "nullable" : true,
  "custom" : false,
  "createable" : true,
  "updateable" : true,
  "audit" : false,
  "customizable" : false,
  "fieldOrder" : 0,
  "fieldProperties" : {
    "autoGenerated" : "false"
  }
}, {
  "entityTypeId" : "94fe9df0-dfc6-4508-a2ff-c462e5b5ffbf",
  "id" : "7a7a7b58-cd4b-4ec0-9990-31a9aeb00049",
  "name" : "employee_id",
  "sourceFieldname" : "employee_id",
  "description" : "employee_id",
  "dataType" : "string",
  "hasIndex" : false,
  "unique" : false,
  "primarykey" : false,
  "namefield" : false,
  "nullable" : true,
  "custom" : false,
  "createable" : true,
  "updateable" : true,
  "audit" : false,
  "customizable" : false,
  "fieldOrder" : 0,
  "fieldProperties" : {
    "autoGenerated" : "false"
  }
}, {
  "entityTypeId" : "94fe9df0-dfc6-4508-a2ff-c462e5b5ffbf",
  "id" : "9737b748-6a68-4173-9f5a-7eca252df778",
  "name" : "Extension",
  "sourceFieldname" : "Extension",
  "description" : "Extension",
  "dataType" : "string",
  "hasIndex" : false,
  "unique" : false,
  "primarykey" : false,
  "namefield" : false,
  "nullable" : true,
  "custom" : false,
  "createable" : true,
  "updateable" : true,
  "audit" : false,
  "customizable" : false,
  "fieldOrder" : 0,
  "fieldProperties" : {
    "autoGenerated" : "false"
  }
}, {
  "entityTypeId" : "94fe9df0-dfc6-4508-a2ff-c462e5b5ffbf",
  "id" : "eda14fe2-32df-4569-b47b-ad264c5cff34",
  "name" : "First_name",
  "sourceFieldname" : "First_name",
  "description" : "First_name",
  "dataType" : "string",
  "hasIndex" : false,
  "unique" : false,
  "primarykey" : false,
  "namefield" : false,
  "nullable" : true,
  "custom" : false,
  "createable" : true,
  "updateable" : true,
  "audit" : false,
  "customizable" : false,
  "fieldOrder" : 0,
  "fieldProperties" : {
    "autoGenerated" : "false"
  }
}, {
  "entityTypeId" : "94fe9df0-dfc6-4508-a2ff-c462e5b5ffbf",
  "id" : "80762473-aaab-4df5-87c7-6f3492e697fd",
  "name" : "Image",
  "sourceFieldname" : "Image",
  "description" : "Image",
  "dataType" : "string",
  "hasIndex" : false,
  "unique" : false,
  "primarykey" : false,
  "namefield" : false,
  "nullable" : true,
  "custom" : false,
  "createable" : true,
  "updateable" : true,
  "audit" : false,
  "customizable" : false,
  "fieldOrder" : 0,
  "fieldProperties" : {
    "autoGenerated" : "false"
  }
}, {
  "entityTypeId" : "94fe9df0-dfc6-4508-a2ff-c462e5b5ffbf",
  "id" : "971527f2-d4fc-4751-a15b-025b6cda87ac",
  "name" : "Is_primary",
  "sourceFieldname" : "Is_primary",
  "description" : "Is_primary",
  "dataType" : "boolean",
  "hasIndex" : false,
  "unique" : false,
  "primarykey" : false,
  "namefield" : false,
  "nullable" : true,
  "custom" : false,
  "createable" : true,
  "updateable" : true,
  "audit" : false,
  "customizable" : false,
  "fieldOrder" : 0,
  "fieldProperties" : {
    "autoGenerated" : "false"
  }
}, {
  "entityTypeId" : "94fe9df0-dfc6-4508-a2ff-c462e5b5ffbf",
  "id" : "55aceb52-c70b-4478-acd4-ed2c7be4485e",
  "name" : "Last_name",
  "sourceFieldname" : "Last_name",
  "description" : "Last_name",
  "dataType" : "string",
  "hasIndex" : false,
  "unique" : false,
  "primarykey" : false,
  "namefield" : false,
  "nullable" : true,
  "custom" : false,
  "createable" : true,
  "updateable" : true,
  "audit" : false,
  "customizable" : false,
  "fieldOrder" : 0,
  "fieldProperties" : {
    "autoGenerated" : "false"
  }
}, {
  "entityTypeId" : "94fe9df0-dfc6-4508-a2ff-c462e5b5ffbf",
  "id" : "03d723cd-9d3c-4044-96f5-775f0e74ed5f",
  "name" : "LastUpdatedBy",
  "sourceFieldname" : "LastUpdatedBy",
  "description" : "LastUpdatedBy",
  "dataType" : "string",
  "hasIndex" : false,
  "unique" : false,
  "primarykey" : false,
  "namefield" : false,
  "nullable" : true,
  "custom" : false,
  "createable" : true,
  "updateable" : true,
  "audit" : false,
  "customizable" : false,
  "fieldOrder" : 0,
  "fieldProperties" : {
    "autoGenerated" : "false"
  }
}, {
  "entityTypeId" : "94fe9df0-dfc6-4508-a2ff-c462e5b5ffbf",
  "id" : "6f7557ec-516d-42ba-9d7e-ca6992b5d776",
  "name" : "LastUpdatedDateTime",
  "sourceFieldname" : "LastUpdatedDateTime",
  "description" : "LastUpdatedDateTime",
  "dataType" : "date",
  "hasIndex" : false,
  "unique" : false,
  "primarykey" : false,
  "namefield" : false,
  "nullable" : true,
  "custom" : false,
  "createable" : true,
  "updateable" : true,
  "audit" : false,
  "customizable" : false,
  "fieldOrder" : 0,
  "fieldProperties" : {
    "autoGenerated" : "false"
  }
}, {
  "entityTypeId" : "94fe9df0-dfc6-4508-a2ff-c462e5b5ffbf",
  "id" : "db3a4ca6-c107-487e-9682-ddf4eadf3555",
  "name" : "Location_id",
  "sourceFieldname" : "Location_id",
  "description" : "Location_id",
  "dataType" : "string",
  "hasIndex" : false,
  "unique" : false,
  "primarykey" : false,
  "namefield" : false,
  "nullable" : true,
  "custom" : false,
  "createable" : true,
  "updateable" : true,
  "audit" : false,
  "customizable" : false,
  "fieldOrder" : 0,
  "fieldProperties" : {
    "autoGenerated" : "false"
  }
}, {
  "entityTypeId" : "94fe9df0-dfc6-4508-a2ff-c462e5b5ffbf",
  "id" : "a9793ef8-7850-41d6-ba88-e50f205a853d",
  "name" : "Manager_id",
  "sourceFieldname" : "Manager_id",
  "description" : "Manager_id",
  "dataType" : "string",
  "hasIndex" : false,
  "unique" : false,
  "primarykey" : false,
  "namefield" : false,
  "nullable" : true,
  "custom" : false,
  "createable" : true,
  "updateable" : true,
  "audit" : false,
  "customizable" : false,
  "fieldOrder" : 0,
  "fieldProperties" : {
    "autoGenerated" : "false"
  }
}, {
  "entityTypeId" : "94fe9df0-dfc6-4508-a2ff-c462e5b5ffbf",
  "id" : "0c77ca1b-a47d-4d0d-bbb7-0241aa2fb1bd",
  "name" : "Media_id",
  "sourceFieldname" : "Media_id",
  "description" : "Media_id",
  "dataType" : "string",
  "hasIndex" : false,
  "unique" : false,
  "primarykey" : false,
  "namefield" : false,
  "nullable" : true,
  "custom" : false,
  "createable" : true,
  "updateable" : true,
  "audit" : false,
  "customizable" : false,
  "fieldOrder" : 0,
  "fieldProperties" : {
    "autoGenerated" : "false"
  }
}, {
  "entityTypeId" : "94fe9df0-dfc6-4508-a2ff-c462e5b5ffbf",
  "id" : "0cf92685-1ea1-4ef2-8801-fcec3ee8cf62",
  "name" : "Media_name",
  "sourceFieldname" : "Media_name",
  "description" : "Media_name",
  "dataType" : "string",
  "hasIndex" : false,
  "unique" : false,
  "primarykey" : false,
  "namefield" : false,
  "nullable" : true,
  "custom" : false,
  "createable" : true,
  "updateable" : true,
  "audit" : false,
  "customizable" : false,
  "fieldOrder" : 0,
  "fieldProperties" : {
    "autoGenerated" : "false"
  }
}, {
  "entityTypeId" : "94fe9df0-dfc6-4508-a2ff-c462e5b5ffbf",
  "id" : "1b2a0616-ae49-4ebc-b4bd-e25879ba8738",
  "name" : "Media_type_id",
  "sourceFieldname" : "Media_type_id",
  "description" : "Media_type_id",
  "dataType" : "string",
  "hasIndex" : false,
  "unique" : false,
  "primarykey" : false,
  "namefield" : false,
  "nullable" : true,
  "custom" : false,
  "createable" : true,
  "updateable" : true,
  "audit" : false,
  "customizable" : false,
  "fieldOrder" : 0,
  "fieldProperties" : {
    "autoGenerated" : "false"
  }
}, {
  "entityTypeId" : "94fe9df0-dfc6-4508-a2ff-c462e5b5ffbf",
  "id" : "8542aa47-ea6d-492f-9c48-3013f04d717f",
  "name" : "Name",
  "sourceFieldname" : "Name",
  "description" : "Name",
  "dataType" : "string",
  "hasIndex" : false,
  "unique" : false,
  "primarykey" : false,
  "namefield" : false,
  "nullable" : true,
  "custom" : false,
  "createable" : true,
  "updateable" : true,
  "audit" : false,
  "customizable" : false,
  "fieldOrder" : 0,
  "fieldProperties" : {
    "autoGenerated" : "false"
  }
}, {
  "entityTypeId" : "94fe9df0-dfc6-4508-a2ff-c462e5b5ffbf",
  "id" : "3c23b37b-7c72-48c3-a82c-1efacc83bfd0",
  "name" : "SoftDeleteFlag",
  "sourceFieldname" : "SoftDeleteFlag",
  "description" : "SoftDeleteFlag",
  "dataType" : "boolean",
  "hasIndex" : false,
  "unique" : false,
  "primarykey" : false,
  "namefield" : false,
  "nullable" : true,
  "custom" : false,
  "createable" : true,
  "updateable" : true,
  "audit" : false,
  "customizable" : false,
  "fieldOrder" : 0,
  "fieldProperties" : {
    "autoGenerated" : "false"
  }
}, {
  "entityTypeId" : "94fe9df0-dfc6-4508-a2ff-c462e5b5ffbf",
  "id" : "f872a0b7-1e3f-4132-b2db-7107ddb8646c",
  "name" : "State",
  "sourceFieldname" : "State",
  "description" : "State",
  "dataType" : "string",
  "hasIndex" : false,
  "unique" : false,
  "primarykey" : false,
  "namefield" : false,
  "nullable" : true,
  "custom" : false,
  "createable" : true,
  "updateable" : true,
  "audit" : false,
  "customizable" : false,
  "fieldOrder" : 0,
  "fieldProperties" : {
    "autoGenerated" : "false"
  }
}, {
  "entityTypeId" : "94fe9df0-dfc6-4508-a2ff-c462e5b5ffbf",
  "id" : "b6666377-6410-4867-816a-bfd9a250c0b4",
  "name" : "Status_id",
  "sourceFieldname" : "Status_id",
  "description" : "Status_id",
  "dataType" : "string",
  "hasIndex" : false,
  "unique" : false,
  "primarykey" : false,
  "namefield" : false,
  "nullable" : true,
  "custom" : false,
  "createable" : true,
  "updateable" : true,
  "audit" : false,
  "customizable" : false,
  "fieldOrder" : 0,
  "fieldProperties" : {
    "autoGenerated" : "false"
  }
}, {
  "entityTypeId" : "94fe9df0-dfc6-4508-a2ff-c462e5b5ffbf",
  "id" : "902fd69c-407f-43b2-8728-223c195e7217",
  "name" : "Url",
  "sourceFieldname" : "Url",
  "description" : "Url",
  "dataType" : "string",
  "hasIndex" : false,
  "unique" : false,
  "primarykey" : false,
  "namefield" : false,
  "nullable" : true,
  "custom" : false,
  "createable" : true,
  "updateable" : true,
  "audit" : false,
  "customizable" : false,
  "fieldOrder" : 0,
  "fieldProperties" : {
    "autoGenerated" : "false"
  }
}, {
  "entityTypeId" : "94fe9df0-dfc6-4508-a2ff-c462e5b5ffbf",
  "id" : "63f0e808-6f70-47e0-94c9-ce0d61bb2996",
  "name" : "Value",
  "sourceFieldname" : "Value",
  "description" : "Value",
  "dataType" : "string",
  "hasIndex" : false,
  "unique" : false,
  "primarykey" : false,
  "namefield" : false,
  "nullable" : true,
  "custom" : false,
  "createable" : true,
  "updateable" : true,
  "audit" : false,
  "customizable" : false,
  "fieldOrder" : 0,
  "fieldProperties" : {
    "autoGenerated" : "false"
  }
}, {
  "entityTypeId" : "94fe9df0-dfc6-4508-a2ff-c462e5b5ffbf",
  "id" : "ce8708ef-66af-43b4-94cc-cd7094f28780",
  "name" : "Zipcode",
  "sourceFieldname" : "Zipcode",
  "description" : "Zipcode",
  "dataType" : "string",
  "hasIndex" : false,
  "unique" : false,
  "primarykey" : false,
  "namefield" : false,
  "nullable" : true,
  "custom" : false,
  "createable" : true,
  "updateable" : true,
  "audit" : false,
  "customizable" : false,
  "fieldOrder" : 0,
  "fieldProperties" : {
    "autoGenerated" : "false"
  }
} ]