{
  "name" : "reusableFacebookLogin",
  "displayName" : "reusableFacebookLogin",
  "type" : "facebook",
  "version" : "1.0",
  "metaPreference" : -1,
  "config" : "{\"scope\":\"email\",\"callback\":\"https://100000347.auth.qa-konycloud.com/oauth2/callback\",\"client_secret\":\"7b9e696979b4344a9dac154ab4e6bd30\",\"client_id\":\"130251220315936\",\"url\":\"https://graph.facebook.com\"}",
  "policyConfig" : "{\"max_login_fail\":5,\"def_user_status\":\"pending\"}",
  "admissionPolicy" : "no_approval_needed",
  "identityMeta" : {
    "allow_sso" : false
  },
  "ssoenabled" : false
}